                  epoch,         train/box_loss,         train/cls_loss,         train/dfl_loss,   metrics/precision(B),      metrics/recall(B),       metrics/mAP50(B),    metrics/mAP50-95(B),           val/box_loss,           val/cls_loss,           val/dfl_loss,                 lr/pg0,                 lr/pg1,                 lr/pg2
                      0,                 2.7371,                 4.5547,                 2.0305,                0.27505,                0.16225,                0.08837,                0.02802,                 2.5353,                 2.9622,                 2.0129,               0.070278,              0.0033025,              0.0033025
                      1,                  2.508,                 2.9203,                 1.8248,                0.09049,                0.15429,                0.06149,                0.01874,                 2.5593,                 2.9454,                 2.0146,               0.040212,              0.0065701,              0.0065701
                      2,                 2.5201,                 2.9364,                  1.812,                 0.1225,                0.17971,                0.08457,                0.02529,                 2.5574,                 2.8629,                 1.8553,                0.01008,              0.0097717,              0.0097717
                      3,                 2.5277,                 2.9806,                 1.8393,                 0.1032,                0.15233,                0.06136,                0.01851,                 2.6684,                 3.6931,                 2.2186,               0.009703,               0.009703,               0.009703
